InputBuffer.createItem()-/IAFPlant/Area1/buffer,2059a8dd-c151-4ebf-972b-26f385e24e3d,2023-01-11-11-10-37-1037-522
Component.setHostedItem()-/IAFPlant/Area1/t1,2059a8dd-c151-4ebf-972b-26f385e24e3d,2023-01-11-11-10-37-1037-523
Component.setHostedItem()-/IAFPlant/Area1/c1,2059a8dd-c151-4ebf-972b-26f385e24e3d,2023-01-11-11-10-37-1037-524
InputBuffer.createItem()-/IAFPlant/Area1/buffer,87bc84e2-d4bb-4bb9-bd38-edfbf444484b,2023-01-11-11-10-38-1038-031
Component.setHostedItem()-/IAFPlant/Area1/t1,87bc84e2-d4bb-4bb9-bd38-edfbf444484b,2023-01-11-11-10-38-1038-031
Component.setHostedItem()-/IAFPlant/Area1/t2,2059a8dd-c151-4ebf-972b-26f385e24e3d,2023-01-11-11-10-38-1038-534
Component.setHostedItem()-/IAFPlant/Area1/c1,87bc84e2-d4bb-4bb9-bd38-edfbf444484b,2023-01-11-11-10-38-1038-742
Component.setHostedItem()-/IAFPlant/Area1/m1,2059a8dd-c151-4ebf-972b-26f385e24e3d,2023-01-11-11-10-39-1039-246
Component.setHostedItem()-/IAFPlant/Area1/t2,87bc84e2-d4bb-4bb9-bd38-edfbf444484b,2023-01-11-11-10-39-1039-744
Item.setIsProcessed(true)-/IAFPlant/Area1/m1,2059a8dd-c151-4ebf-972b-26f385e24e3d,2023-01-11-11-10-39-1039-941
Component.setHostedItem()-/IAFPlant/Area1/t3,2059a8dd-c151-4ebf-972b-26f385e24e3d,2023-01-11-11-10-39-1039-942
Component.setHostedItem()-/IAFPlant/Area1/m1,87bc84e2-d4bb-4bb9-bd38-edfbf444484b,2023-01-11-11-10-40-1040-965
Component.setHostedItem()-/IAFPlant/Area1/c2,2059a8dd-c151-4ebf-972b-26f385e24e3d,2023-01-11-11-10-41-1041-404
Item.setIsProcessed(true)-/IAFPlant/Area1/m1,87bc84e2-d4bb-4bb9-bd38-edfbf444484b,2023-01-11-11-10-41-1041-896
Component.setHostedItem()-/IAFPlant/Area1/t3,87bc84e2-d4bb-4bb9-bd38-edfbf444484b,2023-01-11-11-10-41-1041-896
Component.setHostedItem()-/IAFPlant/Area1/t4,2059a8dd-c151-4ebf-972b-26f385e24e3d,2023-01-11-11-10-42-1042-776
Component.setHostedItem()-/IAFPlant/Area1/c2,87bc84e2-d4bb-4bb9-bd38-edfbf444484b,2023-01-11-11-10-43-1043-015
Store.removeItem()-/IAFPlant/Area1/store,2059a8dd-c151-4ebf-972b-26f385e24e3d,2023-01-11-11-10-43-1043-449
Component.setHostedItem()-/IAFPlant/Area1/t4,87bc84e2-d4bb-4bb9-bd38-edfbf444484b,2023-01-11-11-10-43-1043-450
Store.removeItem()-/IAFPlant/Area1/store,87bc84e2-d4bb-4bb9-bd38-edfbf444484b,2023-01-11-11-10-43-1043-635
